Sr.,Stock Name,Symbol,close,%_change,volume,Add Column
"1","Zydus Wellness Limited","ZYDUSWELL","509.35","14.96%","2,86,57,788",""
"2","Trent Limited","TRENT","3,833.6","7.97%","48,77,807",""
"3","Adani Green Energy Ltd","ADANIGREEN","921.1","7.61%","1,31,13,062",""
"4","LMW Ltd","LMW","13,237","7.52%","24,009",""
"5","Kalyan Jewellers India Ltd","KALYANKJIL","420.35","6.59%","1,22,49,798",""
"6","Neuland Laboratories Limited","NEULANDLAB","13,222","6.35%","1,61,018",""
"7","L&T Finance Ltd","LTF","255.45","6.28%","1,16,78,955",""
"8","Thangamayil Jewellery Limited","THANGAMAYL","3,752.9","5.9%","2,58,648",""
"9","Rbl Bank Limited","RBLBANK","318.15","5.7%","2,27,71,700",""
"10","Indian Energy Exchange Ltd","IEX","126.16","5.64%","1,01,12,144",""
"11","PTC Industries Ltd","PTCIL","15,554","5.62%","19,177",""
"12","Prime Focus Limited","PFOCUS","349.5","5.53%","82,45,853",""
"13","Sobha Limited","SOBHA","1,220","5.46%","2,14,193",""
"14","Vishal Mega Mart Ltd","VMM","113.74","5.43%","2,52,29,396",""
"15","Eih Limited","EIHOTEL","303.6","5.34%","3,29,32,881",""
"16","Adani Energy Solutions Ltd","ADANIENSOL","991.35","5.28%","20,83,508",""
"17","NMDC Steel Ltd","NSLNISP","37.36","5.21%","68,74,198",""
"18","Godrej Properties Limited","GODREJPROP","1,584.7","5.07%","22,23,294",""
"19","Granules India Limited","GRANULES","644","4.95%","11,82,974",""
"20","Acutaas Chemicals Ltd","ACUTAAS","2,212.4","4.84%","11,84,772",""
"21","Kaynes Technology India Ltd","KAYNES","3,706.5","4.76%","22,14,333",""
"22","LG Electronics India Ltd","LGEINDIA","1,379.7","4.62%","14,56,472",""
"23","BSE (Bombay stock exchange) Ltd","BSE","2,982.3","4.59%","59,62,836",""
"24","Dalmia Bharat Limited","DALBHARAT","1,875.4","4.52%","2,78,559",""
"25","Aditya Birla Capital Ltd","ABCAPITAL","311.3","4.38%","40,34,504",""
"26","Multi Commodity Exchange Of India Limited","MCX","2,549","4.34%","36,40,729",""
"27","Avenue Supermarts Ltd","DMART","4,551.3","4.33%","19,15,220",""
"28","Bandhan Bank Ltd","BANDHANBNK","152.58","4.26%","1,55,19,780",""
"29","Nmdc Limited","NMDC","81.4","4.25%","5,24,39,160",""
"30","Bank Of Maharashtra Ltd","MAHABANK","66.59","4.23%","2,06,26,583",""
"31","Pnb Housing Finance Limited","PNBHOUSING","817.35","4.2%","8,32,589",""
"32","Bosch Limited","BOSCHLTD","33,460","4.12%","65,114",""
"33","SignatureGlobal India Ltd","SIGNATURE","780.3","4.11%","6,91,428",""
"34","Bank Of Baroda Ltd","BANKBARODA","259.76","4.09%","2,21,52,306",""
"35","Shriram Finance Ltd","SHRIRAMFIN","928","4.08%","58,98,399",""
"36","Axis Bank Limited","AXISBANK","1,245.3","3.96%","78,47,086",""
"37","City Union Bank Limited","CUB","249.91","3.92%","56,64,468",""
"38","Eclerx Services Limited","ECLERX","1,503.4","3.9%","1,03,604",""
"39","Narayana Hrudayalaya Ltd.","NH","1,685.9","3.75%","2,78,879",""
"40","Lenskart Solutions Ltd","LENSKART","503.05","3.73%","19,75,777",""
"41","Adani Enterprises Limited","ADANIENT","1,902.2","3.71%","31,53,437",""
"42","Devyani International Ltd","DEVYANI","99.98","3.68%","57,47,268",""
"43","Grindwell Norton Limited","GRINDWELL","1,438.6","3.65%","38,342",""
"44","Maharashtra Scooters Limited","MAHSCOOTER","11,801","3.64%","5,562",""
"45","Titan Company Limited","TITAN","4,246.1","3.63%","16,78,285",""
"46","Jk Cement Limited","JKCEMENT","5,356","3.59%","57,194",""
"47","SBI Life Insurance Company Ltd","SBILIFE","1,836.8","3.54%","17,21,071",""
"48","Torrent Power Limited","TORNTPOWER","1,379.1","3.52%","5,46,934",""
"49","Indian Bank Ltd","INDIANB","899.85","3.5%","22,61,012",""
"50","Muthoot Finance Limited","MUTHOOTFIN","3,289.8","3.49%","7,56,759",""
"51","Lloyds Metals & Energy Ltd","LLOYDSME","1,436.7","3.49%","8,68,342",""
"52","Steel Authority Of India Limited","SAIL","160.44","3.4%","2,78,38,073",""
"53","Physicswallah Ltd","PWL","93.03","3.4%","64,82,752",""
"54","Aadhar Housing Finance Ltd","AADHARHFC","453.75","3.34%","2,06,262",""
"55","Bharat Dynamics Ltd","BDL","1,224.6","3.29%","20,26,546",""
"56","Aditya Birla Sun Life AMC Ltd","ABSLAMC","947.1","3.27%","4,11,948",""
"57","Jubilant Foodworks Limited","JUBLFOOD","461.1","3.26%","25,31,547",""
"58","Global Health Ltd","MEDANTA","1,032.95","3.25%","1,12,269",""
"59","Larsen & Toubro Limited","LT","3,727.7","3.17%","33,53,246",""
"60","Ultratech Cement Limited","ULTRACEMCO","10,955","3.15%","3,74,420",""
"61","Dr Agarwals Health Care Ltd","AGARWALEYE","430","3.12%","1,15,619",""
"62","Redington (india) Limited","REDINGTON","207.27","3.06%","53,54,700",""
"63","PB Fintech Ltd","POLICYBZR","1,470","3.02%","10,03,976",""
"64","Gujarat Gas Limited","GUJGASLTD","317.35","3%","10,10,668",""
"65","Ola Electric Mobility Ltd","OLAELEC","29.19","3%","34,51,63,844",""
"66","Lumax Auto Technologies Limited","LUMAXTECH","1,662.2","2.99%","5,39,364",""
"67","Aditya Birla Real Estate Ltd","ABREL","1,178.7","2.98%","1,68,445",""
"68","Ather Energy Ltd","ATHERENERG","784.8","2.97%","26,02,245",""
"69","Sumitomo Chemical India Ltd","SUMICHEM","394.7","2.97%","1,91,311",""
"70","Balkrishna Industries Limited","BALKRISIND","2,128.1","2.95%","1,42,315",""
"71","Motilal Oswal Financial Services Limited","MOTILALOFS","704.85","2.91%","8,65,857",""
"72","Bajaj Finance Limited","BAJFINANCE","850.85","2.9%","1,25,04,591",""
"73","Emmvee Photovoltaic Power Ltd","EMMVEE","223.73","2.85%","10,43,158",""
"74","Interglobe Aviation Limited","INDIGO","4,312.5","2.84%","18,02,863",""
"75","Tvs Motor Company Limited","TVSMOTOR","3,487.8","2.84%","9,59,786",""
"76","Bank Of India Ltd","BANKINDIA","143.05","2.8%","1,43,21,009",""
"77","Aditya Birla Lifestyle Brands Ltd","ABLBL","96.08","2.79%","12,59,122",""
"78","Nuvama Wealth Management Ltd","NUVAMA","1,174.4","2.78%","4,24,787",""
"79","Crisil Limited","CRISIL","3,808.6","2.77%","1,46,990",""
"80","Ambuja Cements Limited","AMBUJACEM","430.05","2.77%","26,53,255",""
"81","Acc Limited","ACC","1,362.1","2.73%","1,48,242",""
"82","Canara Bank Ltd","CANBK","130.51","2.73%","2,64,53,809",""
"83","Cholamandalam Investment And Finance Company Limited","CHOLAFIN","1,393.2","2.72%","37,79,021",""
"84","Prestige Estates Projects Limited","PRESTIGE","1,183.2","2.71%","24,07,295",""
"85","Poly Medicure Limited","POLYMED","1,370.1","2.69%","2,46,309",""
"86","Hdfc Bank Limited","HDFCBANK","771","2.68%","4,29,76,659",""
"87","Punjab & Sind Bank","PSB","22.96","2.68%","27,69,218",""
"88","Data Patterns (India) Ltd","DATAPATTNS","3,136.7","2.66%","8,21,747",""
"89","FSN E-Commerce Ventures Ltd","NYKAA","252.52","2.66%","1,04,02,983",""
"90","Firstsource Solutions Limited","FSL","223.58","2.66%","10,48,635",""
"91","Meesho Ltd","MEESHO","150.45","2.62%","36,83,554",""
"92","GMR Airports Ltd","GMRAIRPORT","91.2","2.62%","1,40,13,744",""
"93","Sona BLW Precision Forgings Ltd","SONACOMS","509.4","2.59%","9,67,766",""
"94","Container Corporation Of India Limited","CONCOR","450.45","2.55%","15,90,046",""
"95","Jio Financial Services Ltd","JIOFIN","235.31","2.54%","1,60,36,376",""
"96","Gujarat Mineral Development Corporation Limited","GMDCLTD","597.1","2.53%","27,88,595",""
"97","HDFC Life Insurance Company Ltd","HDFCLIFE","580.4","2.53%","43,33,557",""
"98","CIE Automotive India Ltd","CIEINDIA","467.65","2.53%","2,85,647",""
"99","Upl Limited","UPL","607.75","2.49%","10,75,781",""
"100","Shree Cements Limited","SHREECEM","23,695","2.46%","31,374",""
"101","Polycab India Ltd","POLYCAB","7,047","2.46%","3,45,105",""
"102","Fortis Healthcare Limited","FORTIS","808.15","2.46%","11,34,897",""
"103","Blue Star Limited","BLUESTARCO","1,565.4","2.43%","7,31,043",""
"104","Indiamart Intermesh Ltd","INDIAMART","2,067.7","2.42%","72,997",""
"105","Page Industries Limited","PAGEIND","34,750","2.37%","29,444",""
"106","Max Financial Services Limited","MFSL","1,498.8","2.36%","8,00,765",""
"107","Metro Brands Ltd","METROBRAND","960.35","2.36%","27,141",""
"108","Kirloskar Oil Engines Limited","KIRLOSENG","1,416.4","2.35%","3,23,459",""
"109","Happy Forgings Ltd","HAPPYFORGE","1,216.5","2.35%","41,000",""
"110","Radico Khaitan Limited","RADICO","2,684.7","2.34%","1,78,418",""
"111","Billionbrains Garage Ventures Ltd","GROWW","168.68","2.34%","1,95,45,522",""
"112","Anand Rathi Wealth Ltd","ANANDRATHI","3,282.9","2.33%","3,26,562",""
"113","One 97 Communications Ltd","PAYTM","1,029.1","2.3%","32,80,196",""
"114","Coal India Limited","COALINDIA","459.55","2.27%","1,24,03,745",""
"115","Ujjivan Small Finance Bank Ltd","UJJIVANSFB","56.68","2.27%","1,55,52,664",""
"116","Delhivery Ltd","DELHIVERY","435.9","2.26%","33,32,882",""
"117","Netweb Technologies India Ltd","NETWEB","3,225.7","2.24%","6,37,136",""
"118","Uno Minda Ltd","UNOMINDA","1,048.4","2.24%","6,19,772",""
"119","The Federal Bank  Limited","FEDERALBNK","271.5","2.24%","92,97,534",""
"120","Honeywell Automation India Limited","HONAUT","27,485","2.23%","4,654",""
"121","Schneider Electric Infrastructure Limited","SCHNEIDER","926.25","2.23%","2,45,191",""
"122","JSW Cement Ltd","JSWCEMENT","118.51","2.22%","10,82,674",""
"123","Cholamandalam Financial Holdings Ltd","CHOLAHLDNG","1,427.8","2.21%","1,25,154",""
"124","Havells India Limited","HAVELLS","1,206.6","2.2%","6,93,409",""
"125","Ccl Products (india) Limited","CCL","1,116.9","2.19%","4,50,626",""
"126","Fertilizers And Chemicals Travancore Limited","FACT","790.6","2.18%","3,93,375",""
"127","Sundram Fasteners Limited","SUNDRMFAST","766.25","2.18%","99,649",""
"128","Mazagon Dock Shipbuilders Ltd","MAZDOCK","2,313.7","2.17%","21,28,497",""
"129","The Indian Hotels Company Limited","INDHOTEL","595.4","2.17%","30,18,104",""
"130","ICICI Prudential Asset Management Co Ltd","ICICIAMC","2,905.5","2.15%","4,39,271",""
"131","Bajaj Housing Finance Ltd","BAJAJHFL","79.68","2.15%","83,23,966",""
"132","Syngene International Limited","SYNGENE","399.4","2.12%","9,35,572",""
"133","Bajaj Auto Limited","BAJAJ-AUTO","8,942.5","2.1%","3,13,792",""
"134","Vodafone Idea Ltd","IDEA","8.76","2.1%","53,99,38,324",""
"135","Pine Labs Ltd","PINELABS","155.97","2.09%","3,89,818",""
"136","Nestle India Limited","NESTLEIND","1,216","2.07%","14,60,974",""
"137","Berger Paints (i) Limited","BERGEPAINT","431","2.07%","2,07,641",""
"138","Adani Power Limited","ADANIPOWER","163.26","2.06%","12,74,64,037",""
"139","Avanti Feeds Limited","AVANTIFEED","1,238.8","2.05%","9,02,070",""
"140","Lodha Developers Ltd","LODHA","710.25","2.04%","77,60,768",""
"141","ACME Solar Holdings Ltd","ACMESOLAR","280.25","2.04%","23,79,961",""
"142","Hindustan Zinc Limited","HINDZINC","526.05","2%","49,64,299",""
"143","Suzlon Energy Limited","SUZLON","41.59","1.99%","6,66,48,727",""
"144","Amber Enterprises India Ltd","AMBER","6,405","1.97%","3,31,960",""
"145","Inventurus Knowledge Solutions Ltd","IKS","1,369.3","1.97%","1,11,376",""
"146","The Jammu & Kashmir Bank Limited","J&KBANK","115.8","1.97%","50,86,673",""
"147","Grasim Industries Limited","GRASIM","2,614.4","1.96%","7,20,478",""
"148","Bajaj Finserv Limited","BAJAJFINSV","1,672.3","1.93%","12,15,027",""
"149","The Phoenix Mills Limited","PHOENIXLTD","1,554.7","1.93%","3,69,830",""
"150","Icici Prudential Life Insurance Company Limited","ICICIPRULI","513.1","1.93%","8,23,182",""
"151","Punjab National Bank Ltd","PNB","106.5","1.93%","2,13,48,893",""
"152","Central Bank Of India Ltd","CENTRALBK","33.93","1.92%","65,31,958",""
"153","Aster DM Healthcare Ltd","ASTERDM","670.6","1.9%","3,43,386",""
"154","Uco Bank Ltd","UCOBANK","24.35","1.88%","92,71,908",""
"155","Welspun Corp Limited","WELCORP","862.6","1.86%","5,09,781",""
"156","Kei Industries Limited","KEI","4,123.1","1.85%","2,57,078",""
"157","Hero Motocorp Limited","HEROMOTOCO","5,103.5","1.84%","3,48,536",""
"158","Kirloskar Brothers Limited","KIRLOSBROS","1,429.8","1.84%","62,956",""
"159","Shipping Corporation Of India Limited","SCI","232.76","1.84%","25,08,916",""
"160","Beml Limited","BEML","1,509.6","1.83%","2,51,590",""
"161","Jindal Saw Limited","JINDALSAW","195.3","1.83%","20,34,643",""
"162","General Insurance Corporation of India Ltd","GICRE","385.45","1.82%","6,46,163",""
"163","Td Power Systems Limited","TDPOWERSYS","879","1.81%","11,79,981",""
"164","Ntpc Limited","NTPC","366.1","1.79%","1,15,34,034",""
"165","Power Grid Corporation Of India Limited","POWERGRID","295.15","1.79%","92,91,741",""
"166","Dr. Lal Path Labs Ltd.","LALPATHLAB","1,352.3","1.78%","3,28,697",""
"167","Jubilant Pharmova Ltd","JUBLPHARMA","854.25","1.78%","2,57,972",""
"168","Hindustan Aeronautics Ltd","HAL","3,752.1","1.77%","11,30,371",""
"169","Rainbow Childrens Medicare Ltd","RAINBOW","1,169.9","1.77%","86,302",""
"170","Jm Financial Limited","JMFINANCIL","122.28","1.77%","29,09,776",""
"171","AU Small Finance Bank Ltd","AUBANK","883.55","1.76%","17,72,253",""
"172","Inox Wind Limited","INOXWIND","80.95","1.76%","1,18,17,006",""
"173","Escorts Kubota Ltd","ESCORTS","2,893.3","1.74%","1,52,950",""
"174","KFin Technologies Ltd","KFINTECH","919.75","1.73%","5,05,555",""
"175","Britannia Industries Limited","BRITANNIA","5,535","1.71%","2,28,390",""
"176","HDB Financial Services Ltd","HDBFS","588.45","1.71%","5,33,784",""
"177","Indraprastha Gas Limited","IGL","148.81","1.71%","22,26,131",""
"178","Bharat Forge Limited","BHARATFORG","1,670.6","1.7%","12,11,548",""
"179","Zensar Technologies Limited","ZENSARTECH","552.7","1.66%","4,55,252",""
"180","Hindustan Copper Limited","HINDCOPPER","503.35","1.66%","1,30,81,861",""
"181","Ashok Leyland Limited","ASHOKLEY","150.91","1.66%","2,30,12,980",""
"182","Sagility India Ltd","SAGILITY","42.42","1.65%","1,44,09,691",""
"183","Manappuram Finance Limited","MANAPPURAM","260","1.64%","33,74,294",""
"184","The Great Eastern Shipping Company Limited","GESHIP","1,463","1.63%","7,85,318",""
"185","HDFC Asset Management Company Ltd","HDFCAMC","2,386.6","1.62%","8,85,512",""
"186","Alivus Life Sciences Ltd","ALIVUS","1,005.6","1.62%","2,76,665",""
"187","HFCL Ltd","HFCL","72.88","1.62%","1,71,52,455",""
"188","Bharat Coking Coal Ltd","BHARATCOAL","32.64","1.62%","1,00,09,017",""
"189","Central Depository Services Ltd","CDSL","1,205.3","1.6%","21,44,856",""
"190","Kajaria Ceramics Limited","KAJARIACER","989.45","1.58%","2,06,515",""
"191","Gallant Ispat Ltd","GALLANTT","564.6","1.57%","76,182",""
"192","Yes Bank Limited","YESBANK","18.15","1.57%","11,10,04,079",""
"193","Persistent Systems Limited","PERSISTENT","5,309.4","1.56%","6,06,786",""
"194","Minda Corporation Limited","MINDACORP","509.2","1.56%","92,185",""
"195","Bajaj Holdings & Investment Limited","BAJAJHLDNG","9,131","1.54%","48,445",""
"196","Welspun Living Ltd","WELSPUNLIV","117.76","1.54%","12,05,553",""
"197","Syrma SGS Technology Ltd","SYRMA","808.5","1.53%","8,56,948",""
"198","Glaxosmithkline Pharmaceuticals Limited","GLAXO","2,346.6","1.52%","37,644",""
"199","National Aluminium Company Limited","NATIONALUM","407.85","1.51%","1,30,20,935",""
"200","Nbcc (india) Limited","NBCC","84.34","1.5%","1,23,96,717",""
"201","Solar Industries India Limited","SOLARINDS","13,303","1.48%","1,35,192",""
"202","Cochin Shipyard Ltd","COCHINSHIP","1,333.9","1.48%","17,34,231",""
"203","Laurus Labs Limited","LAURUSLABS","1,058.2","1.47%","19,52,469",""
"204","Pi Industries Limited","PIIND","2,837.7","1.45%","1,91,729",""
"205","Finolex Cables Limited","FINCABLES","809.2","1.45%","5,53,558",""
"206","Bikaji Foods International Ltd","BIKAJI","636","1.44%","1,58,953",""
"207","Tata Investment Corporation Limited","TATAINVEST","592","1.44%","4,23,061",""
"208","IDFC First Bank Ltd","IDFCFIRSTB","61.08","1.43%","4,10,63,566",""
"209","ICICI Lombard General Insurance Company Ltd","ICICIGI","1,713","1.42%","3,15,391",""
"210","State Bank Of India Ltd","SBIN","1,032.75","1.41%","2,35,76,634",""
"211","Crompton Greaves Consumer Electricals Limited","CROMPTON","235.18","1.41%","18,28,702",""
"212","Sanofi Consumer Healthcare India Ltd","SANOFICONR","4,641.1","1.38%","7,396",""
"213","Pidilite Industries Limited","PIDILITIND","1,291.2","1.38%","12,30,910",""
"214","Life Insurance Corporation of India Ltd","LICI","744.95","1.37%","10,95,521",""
"215","Aegis Logistics Ltd","AEGISLOG","597.35","1.37%","17,83,672",""
"216","Samvardhana Motherson International Ltd","MOTHERSON","108.26","1.36%","3,20,32,534",""
"217","MTAR Technologies Ltd","MTARTECH","3,624.5","1.35%","2,63,854",""
"218","Tata Motors Passenger Vehicles Ltd","TMPV","307.4","1.35%","64,25,909",""
"219","Voltas Limited","VOLTAS","1,252","1.34%","12,13,038",""
"220","Gabriel India Limited","GABRIEL","888.45","1.34%","1,93,813",""
"221","Dlf Limited","DLF","529.2","1.33%","50,46,388",""
"222","Iti Limited","ITI","258.22","1.33%","5,81,799",""
"223","Sundaram Finance Limited","SUNDARMFIN","4,598","1.32%","68,484",""
"224","Bharat Electronics Limited","BEL","427.15","1.32%","1,23,27,836",""
"225","K.p.r. Mill Limited","KPRMILL","840.8","1.31%","1,97,661",""
"226","Urban Company Ltd","URBANCO","123.4","1.31%","33,45,446",""
"227","HBL Engineering Ltd","HBLENGINE","676.05","1.3%","17,28,963",""
"228","Icici Bank Limited","ICICIBANK","1,231.4","1.28%","1,00,58,414",""
"229","The Ramco Cements Limited","RAMCOCEM","937","1.28%","84,472",""
"230","Edelweiss Financial Services Limited","EDELWEISS","107.32","1.28%","40,66,416",""
"231","TATA Consumer Products Ltd","TATACONSUM","1,055.2","1.27%","21,79,297",""
"232","Shriram Pistons & Rings Limited","SHRIPISTON","2,964.6","1.24%","95,144",""
"233","United Spirits Ltd","UNITDSPR","1,236.3","1.24%","9,48,501",""
"234","Union Bank Of India Ltd","UNIONBANK","174.12","1.24%","1,66,41,379",""
"235","Hindalco Industries Limited","HINDALCO","927.45","1.22%","55,55,538",""
"236","Wipro Limited","WIPRO","197.29","1.22%","2,32,82,287",""
"237","Nuvoco Vistas Corporation Ltd","NUVOCO","296.4","1.19%","97,774",""
"238","Ingersoll Rand (india) Limited","INGERRAND","3,691.7","1.17%","6,260",""
"239","Nippon Life India Asset Management Ltd","NAM-INDIA","839.65","1.17%","16,08,826",""
"240","IIFL Finance Ltd","IIFL","439.95","1.16%","16,97,373",""
"241","Cupid Limited","CUPID","88.55","1.15%","1,36,95,625",""
"242","Mphasis Limited","MPHASIS","2,235.2","1.14%","6,03,188",""
"243","Jsw Energy Limited","JSWENERGY","496.7","1.14%","27,65,752",""
"244","Cummins India Limited","CUMMINSIND","4,698.3","1.11%","6,55,461",""
"245","Tata Communications Limited","TATACOMM","1,402.7","1.11%","2,61,005",""
"246","Sarda Energy & Minerals Limited","SARDAEN","524.95","1.11%","2,64,759",""
"247","Nhpc Limited","NHPC","76.16","1.1%","80,19,672",""
"248","Computer Age Management Services Ltd","CAMS","668.1","1.09%","8,76,484",""
"249","ITC Hotels Ltd","ITCHOTELS","149.7","1.09%","79,32,298",""
"250","Techno Electric & Engineering Company Ltd","TECHNOE","1,060.65","1.07%","2,01,569",""
"251","CG Power and Industrial Solutions Ltd","CGPOWER","687.3","1.07%","23,78,124",""
"252","Brainbees Solutions Ltd","FIRSTCRY","226.7","1.06%","18,71,308",""
"253","Apar Industries Limited","APARINDS","9,935","1.05%","62,394",""
"254","Choice International Ltd","CHOICEIN","640.85","1.02%","6,53,317",""
"255","Patanjali Foods Ltd","PATANJALI","471.7","1.02%","18,78,287",""
"256","Jk Tyre & Industries Limited","JKTYRE","392.9","1.02%","8,26,178",""
"257","Tata Steel Limited","TATASTEEL","196.1","1.01%","2,81,15,748",""
"258","Jindal Stainless Limited","JSL","725","1%","8,85,053",""
"259","Gail (india) Limited","GAIL","143.14","0.99%","1,14,66,136",""
"260","Mankind Pharma Ltd","MANKIND","2,017.7","0.96%","5,32,381",""
"261","Indusind Bank Limited","INDUSINDBK","786.2","0.96%","25,12,596",""
"262","Indian Railway Finance Corporation Ltd","IRFC","92.72","0.96%","1,73,11,052",""
"263","Tata Consultancy Services Limited","TCS","2,473.9","0.95%","25,72,417",""
"264","Eid Parry India Limited","EIDPARRY","815","0.95%","3,23,871",""
"265","Hindustan Unilever Limited","HINDUNILVR","2,084.8","0.94%","16,61,298",""
"266","Premier Energies Ltd","PREMIERENE","925.95","0.94%","11,73,910",""
"267","Housing and Urban Development Corporation Ltd","HUDCO","169.52","0.92%","28,12,074",""
"268","Ifci Limited","IFCI","52.92","0.92%","1,69,84,105",""
"269","Aditya Infotech Ltd","CPPLUS","1,815.9","0.91%","2,10,990",""
"270","Power Finance Corporation Limited","PFC","405.9","0.91%","71,62,794",""
"271","Zen Technologies Limited","ZENTEC","1,379.3","0.89%","2,74,390",""
"272","Dixon Technologies Ltd","DIXON","10,008","0.88%","7,52,942",""
"273","Godfrey Phillips India Limited","GODFRYPHLP","1,926.5","0.87%","5,61,160",""
"274","Kansai Nerolac Paints Limited","KANSAINER","180.16","0.87%","2,62,956",""
"275","Jaiprakash Power Ventures Limited","JPPOWER","15.14","0.87%","9,28,62,917",""
"276","Oberoi Realty Limited","OBEROIRLTY","1,519.9","0.86%","2,88,582",""
"277","Allied Blenders & Distillers Ltd","ABDL","427.5","0.86%","3,56,175",""
"278","REC Ltd","RECLTD","327.55","0.85%","65,05,082",""
"279","Engineers India Limited","ENGINERSIN","202.26","0.85%","52,22,516",""
"280","NTPC Green Energy Ltd","NTPCGREEN","98.05","0.85%","46,66,160",""
"281","Abb India Limited","ABB","6,193.5","0.84%","2,59,645",""
"282","Anant Raj Limited","ANANTRAJ","455.55","0.84%","20,40,997",""
"283","Supreme Industries Limited","SUPREMEIND","3,672.2","0.83%","2,24,359",""
"284","Apl Apollo Tubes Limited","APLAPOLLO","1,915","0.83%","3,64,128",""
"285","Niva Bupa Health Insurance Company Ltd","NIVABUPA","73.19","0.83%","4,33,729",""
"286","Tata Motors Commercial Vehicles Ltd","TMCV","391.3","0.82%","99,99,061",""
"287","Indian Overseas Bank Ltd","IOB","33.05","0.79%","49,32,519",""
"288","Kec International Limited","KEC","533.65","0.78%","4,60,503",""
"289","Ircon International Ltd","IRCON","125.94","0.78%","39,81,805",""
"290","Apollo Hospitals Enterprise Limited","APOLLOHOSP","7,373","0.76%","3,60,086",""
"291","Usha Martin Limited","USHAMART","408.65","0.76%","2,75,544",""
"292","Deepak Nitrite Limited","DEEPAKNTR","1,388","0.75%","95,527",""
"293","Himadri Speciality Chemical Limited","HSCL","451.5","0.75%","31,97,443",""
"294","Coromandel International Limited","COROMANDEL","1,892.2","0.74%","3,34,620",""
"295","Tata Elxsi Limited","TATAELXSI","4,272.3","0.73%","2,04,565",""
"296","Srf Limited","SRF","2,433.8","0.73%","11,06,561",""
"297","Idbi Bank Limited","IDBI","70.06","0.73%","2,16,45,375",""
"298","Bharti Hexacom Ltd","BHARTIHEXA","1,517.6","0.72%","82,585",""
"299","Godrej Consumer Products Limited","GODREJCP","1,001.95","0.72%","13,58,923",""
"300","Siemens Limited","SIEMENS","3,048","0.71%","3,72,908",""
"301","Asian Paints Limited","ASIANPAINT","2,184.3","0.71%","20,48,228",""
"302","Cipla Limited","CIPLA","1,200.9","0.71%","21,88,849",""
"303","Whirlpool Of India Limited","WHIRLPOOL","820.15","0.71%","2,27,757",""
"304","Kotak Mahindra Bank Limited","KOTAKBANK","360.55","0.71%","1,83,20,378",""
"305","Privi Speciality Chemicals Ltd","PRIVISCL","2,961.7","0.7%","46,989",""
"306","Jsw Holdings Limited","JSWHL","11,998","0.69%","3,561",""
"307","Adani Ports And Special Economic Zone Limited","ADANIPORTS","1,387.1","0.69%","25,19,628",""
"308","Castrol India Limited","CASTROLIND","179.14","0.69%","9,89,066",""
"309","Gland Pharma Ltd","GLAND","1,700","0.68%","63,619",""
"310","Itc Limited","ITC","294.85","0.68%","1,80,47,063",""
"311","Adani Total Gas Ltd","ATGL","523.45","0.65%","17,09,257",""
"312","Afcons Infrastructure Ltd","AFCONS","285.55","0.65%","2,51,972",""
"313","Nava Ltd","NAVA","563.65","0.63%","1,30,244",""
"314","Hindustan Petroleum Corporation Limited","HINDPETRO","328.05","0.63%","50,89,386",""
"315","Jupiter Wagons Ltd","JWL","258.22","0.63%","17,91,139",""
"316","Glenmark Pharmaceuticals Limited","GLENMARK","2,104.8","0.62%","5,82,698",""
"317","Torrent Pharmaceuticals Limited","TORNTPHARM","4,011.6","0.61%","4,20,340",""
"318","Tube Investments of India Ltd","TIINDIA","2,582.9","0.61%","2,55,370",""
"319","Godrej Agrovet Ltd","GODREJAGRO","573.2","0.61%","1,27,771",""
"320","Indian Railway Catering & Tourism Corporation Ltd","IRCTC","514.7","0.57%","11,54,102",""
"321","New India Assurance Company Ltd","NIACL","123.93","0.57%","6,11,355",""
"322","Tech Mahindra Limited","TECHM","1,449.5","0.56%","14,76,736",""
"323","Coforge (Niit Tech) Ltd","COFORGE","1,220.2","0.56%","29,94,825",""
"324","Poonawalla Fincorp Ltd","POONAWALLA","395.5","0.56%","11,62,773",""
"325","Indian Renewable Energy Development Agency Ltd","IREDA","115.58","0.56%","88,49,494",""
"326","International Gemmological Institute (India) Ltd","IGIL","322.05","0.53%","2,90,061",""
"327","Mrf Limited","MRF","1,27,045","0.52%","7,634",""
"328","Sjvn Limited","SJVN","67.69","0.52%","55,52,166",""
"329","Aurobindo Pharma Limited","AUROPHARMA","1,340.4","0.5%","15,19,668",""
"330","Cesc Limited","CESC","154.01","0.5%","12,58,314",""
"331","Paradeep Phosphates Ltd","PARADEEP","115.95","0.5%","32,82,057",""
"332","Schaeffler India Ltd","SCHAEFFLER","3,782.7","0.49%","68,166",""
"333","Brigade Enterprises Limited","BRIGADE","690.85","0.48%","2,04,206",""
"334","Emami Limited","EMAMILTD","400.2","0.48%","10,14,478",""
"335","Chalet Hotels Ltd","CHALET","731.95","0.47%","53,332",""
"336","Belrise Industries Ltd","BELRISE","191.67","0.47%","32,50,130",""
"337","Waaree Energies Ltd","WAAREEENER","3,084.7","0.46%","7,05,234",""
"338","Maruti Suzuki India Limited","MARUTI","12,688","0.45%","3,82,650",""
"339","Concord Biotech Ltd","CONCORDBIO","1,029.7","0.45%","2,84,835",""
"340","Infosys Limited","INFY","1,306.2","0.42%","1,02,08,682",""
"341","V-guard Industries Limited","VGUARD","324.05","0.42%","1,55,106",""
"342","Anthem Biosciences Ltd","ANTHEM","663.45","0.41%","1,17,446",""
"343","Tata Technologies Ltd","TATATECH","543.3","0.41%","6,40,027",""
"344","Kiocl Limited","KIOCL","344","0.38%","2,59,954",""
"345","Oracle Financial Services Software Limited","OFSS","7,017","0.35%","97,867",""
"346","Apollo Tyres Limited","APOLLOTYRE","410.9","0.35%","4,71,337",""
"347","Vedanta Limited","VEDL","690","0.34%","1,30,13,026",""
"348","Rail Vikas Nigam Ltd","RVNL","261.55","0.34%","84,09,559",""
"349","Mahindra & Mahindra Limited","M&M","3,021.6","0.33%","25,54,900",""
"350","Sansera Engineering Ltd","SANSERA","2,143.6","0.33%","2,16,635",""
"351","PCBL Ltd","PCBL","259.76","0.32%","18,90,676",""
"352","Siemens Energy India Ltd","ENRIN","2,620.2","0.31%","2,94,424",""
"353","TBO Tek Ltd","TBOTEK","1,096.5","0.31%","65,961",""
"354","Supreme Petrochem Ltd","SPLPETRO","734.55","0.31%","26,75,208",""
"355","Sammaan Capital Ltd","SAMMAANCAP","147.4","0.31%","1,09,85,051",""
"356","Emcure Pharmaceuticals Ltd","EMCURE","1,552.2","0.3%","1,96,795",""
"357","The India Cements Limited","INDIACEM","360","0.29%","2,39,124",""
"358","Trident Limited","TRIDENT","24.19","0.29%","76,89,669",""
"359","Aegis Vopak Terminals Ltd","AEGISVOPAK","170.12","0.28%","16,29,025",""
"360","Force Motors Ltd","FORCEMOT","21,183","0.27%","1,68,492",""
"361","OneSource Specialty Pharma Ltd","ONESOURCE","1,408.1","0.26%","1,30,050",""
"362","Lupin Limited","LUPIN","2,279.9","0.24%","7,92,605",""
"363","Dcm Shriram Limited","DCMSHRIRAM","1,134.2","0.24%","71,677",""
"364","Zydus Lifesciences Ltd","ZYDUSLIFE","866.3","0.24%","5,19,512",""
"365","CreditAccess Grameen Ltd","CREDITACC","1,180.6","0.23%","2,44,895",""
"366","Heg Limited","HEG","551.25","0.23%","14,88,718",""
"367","Shyam Metalics & Energy Ltd","SHYAMMETL","794.4","0.22%","2,25,185",""
"368","Caplin Point Laboratories Limited","CAPLIPOINT","1,569.1","0.21%","62,429",""
"369","Eternal Ltd","ETERNAL","232.2","0.21%","3,15,90,365",""
"370","Bharat Petroleum Corporation Limited","BPCL","278.7","0.2%","1,19,23,889",""
"371","Garden Reach Shipbuilders & Engineers Ltd","GRSE","2,259.5","0.19%","28,96,110",""
"372","Wockhardt Limited","WOCKPHARMA","1,273.9","0.19%","3,96,216",""
"373","Bharti Airtel Limited","BHARTIARTL","1,792.8","0.17%","81,83,498",""
"374","Canara HSBC Life Insurance Company Ltd","CANHLIFE","144.93","0.17%","3,27,754",""
"375","Indus Towers Ltd (Bharti Infratel)","INDUSTOWER","425.5","0.15%","38,68,647",""
"376","Blue Dart Express Limited","BLUEDART","4,899.3","0.12%","27,662",""
"377","Aia Engineering Limited","AIAENG","3,680.5","0.12%","36,537",""
"378","Vinati Organics Limited","VINATIORGA","1,310.5","0.11%","25,353",""
"379","Natco Pharma Limited","NATCOPHARM","1,028.55","0.1%","5,50,982",""
"380","Rubicon Research Ltd","RUBICON","775.65","0.1%","48,559",""
"381","LTIMindtree Ltd","LTM","4,307.4","0.08%","2,96,412",""
"382","Hcl Technologies Limited","HCLTECH","1,403.3","0.08%","21,34,581",""
"383","Godrej Industries Limited","GODREJIND","842.55","0.08%","1,07,201",""
"384","Vardhman Textiles Limited","VTL","537","0.07%","3,07,802",""
"385","Sun Pharmaceuticals Industries Limited","SUNPHARMA","1,694.6","0.06%","35,33,715",""
"386","Krishna Institute of Medical Sciences Ltd","KIMS","626.6","0.06%","2,74,583",""
"387","Info Edge (india) Limited","NAUKRI","994.3","0.05%","13,55,458",""
"388","Dr. Reddy's Laboratories Limited","DRREDDY","1,217.8","0.04%","10,99,471",""
"389","Elgi Equipments Limited","ELGIEQUIP","479.9","0.04%","9,39,942",""
"390","Lic Housing Finance Limited","LICHSGFIN","517.55","0.03%","11,02,363",""
"391","Colgate Palmolive (india) Limited","COLPAL","1,829.7","0.01%","3,49,804",""
"392","L&t Technology Services Limited","LTTS","3,346.5","-0.03%","78,445",""
"393","Bls International Services Limited","BLS","268.33","-0.03%","27,18,749",""
"394","Alembic Pharmaceuticals Limited","APLLTD","655.95","-0.04%","65,979",""
"395","Indian Oil Corporation Limited","IOC","134.05","-0.06%","2,53,56,388",""
"396","Petronet Lng Limited","PETRONET","254.52","-0.07%","23,65,626",""
"397","UTI Asset Management Company Ltd","UTIAMC","940.25","-0.1%","94,321",""
"398","Craftsman Automation Ltd","CRAFTSMAN","6,781.5","-0.11%","28,718",""
"399","Graphite India Limited","GRAPHITE","637.05","-0.11%","11,78,582",""
"400","R R Kabel Ltd","RRKABEL","1,331.8","-0.14%","83,805",""
"401","Akzo Nobel India Limited","AKZOINDIA","2,987.4","-0.15%","13,165",""
"402","Exide Industries Limited","EXIDEIND","298.8","-0.15%","12,81,718",""
"403","Jbm Auto Limited","JBMA","560.75","-0.17%","10,69,379",""
"404","Tata Capital Ltd","TATACAP","308","-0.18%","17,83,590",""
"405","Affle India Ltd","AFFLE","1,418.6","-0.21%","1,70,091",""
"406","Eris Lifesciences Ltd","ERIS","1,329.3","-0.21%","94,377",""
"407","TVS Holdings Ltd","TVSHLTD","13,952","-0.22%","19,534",""
"408","United Breweries Limited","UBL","1,481.7","-0.23%","98,455",""
"409","Aether Industries Ltd","AETHER","1,100.9","-0.23%","1,82,907",""
"410","Go Digit General Insurance Ltd","GODIGIT","319.95","-0.27%","1,87,974",""
"411","KPIT Technologies Ltd","KPITTECH","694.85","-0.28%","14,73,246",""
"412","Gujarat Fluorochemicals Ltd","FLUOROCHEM","3,194.1","-0.29%","28,004",""
"413","Tata Power Company Limited","TATAPOWER","383.85","-0.3%","66,91,437",""
"414","Fractal Analytics Ltd","FRACTAL","790.2","-0.31%","2,01,267",""
"415","Jindal Steel Ltd","JINDALSTEL","1,134","-0.34%","47,16,546",""
"416","Medplus Health Services Ltd","MEDPLUS","833.2","-0.34%","77,678",""
"417","Gujarat State Petronet Limited","GSPL","237.73","-0.35%","7,07,695",""
"418","Leela Palaces Hotels & Resorts Ltd","THELEELA","414.4","-0.36%","76,111",""
"419","Alkem Laboratories Limited","ALKEM","5,236.5","-0.41%","81,489",""
"420","Tilaknagar Industries Limited","TI","423.2","-0.42%","3,99,765",""
"421","Piramal Pharma Ltd","PPLPHARMA","141.54","-0.45%","27,96,146",""
"422","Jb Chemicals & Pharmaceuticals Limited","JBCHEPHARM","1,952","-0.46%","3,84,187",""
"423","360 ONE WAM Ltd","360ONE","929.45","-0.47%","27,43,646",""
"424","SBI Cards & Payment Services Ltd","SBICARD","635.1","-0.49%","19,17,090",""
"425","Triveni Turbine Limited","TRITURBINE","458.4","-0.49%","2,09,558",""
"426","Indegene Ltd","INDGN","470.25","-0.5%","7,63,852",""
"427","Godawari Power And Ispat Limited","GPIL","275.3","-0.52%","38,61,036",""
"428","Tenneco Clean Air India Ltd","TENNIND","528.65","-0.53%","4,94,872",""
"429","Hatsun Agro Product Limited","HATSUN","897.15","-0.54%","20,806",""
"430","Capri Global Capital Limited","CGCL","165.44","-0.54%","9,72,050",""
"431","L T Foods Ltd","LTFOODS","383.85","-0.57%","4,71,985",""
"432","Thermax Limited","THERMAX","3,276.6","-0.58%","68,087",""
"433","Basf India Limited","BASF","3,291.2","-0.6%","29,014",""
"434","Divi's Laboratories Limited","DIVISLAB","5,821","-0.61%","3,46,192",""
"435","Pg Electroplast Limited","PGEL","451.65","-0.62%","69,15,579",""
"436","Ceat Limited","CEATLTD","3,347.1","-0.63%","88,617",""
"437","BlackBuck Ltd","BLACKBUCK","569.85","-0.63%","2,30,334",""
"438","Jsw Steel Limited","JSWSTEEL","1,133.6","-0.67%","32,13,623",""
"439","Varun Beverages Limited","VBL","401","-0.67%","43,63,829",""
"440","Procter & Gamble Hygiene And Health Care Limited","PGHH","9,691","-0.68%","16,068",""
"441","Timken India Limited","TIMKEN","3,324.8","-0.69%","25,909",""
"442","Tega Industries Ltd","TEGA","1,715","-0.69%","20,651",""
"443","Asahi India Glass Limited","ASAHIINDIA","815.9","-0.69%","2,86,793",""
"444","KSB Ltd","KSB","832.15","-0.73%","2,11,473",""
"445","Astrazeneca Pharma India Limited","ASTRAZEN","7,768.5","-0.75%","10,814",""
"446","Travel Food Services Ltd","TRAVELFOOD","1,270.3","-0.77%","62,261",""
"447","Fine Organic Industries Ltd","FINEORG","4,329.1","-0.78%","12,220",""
"448","Eicher Motors Limited","EICHERMOT","6,596","-0.8%","9,71,230",""
"449","Navin Fluorine International Limited","NAVINFLUOR","5,843","-0.81%","1,33,973",""
"450","Motherson Sumi Wiring India Ltd","MSUMI","36.76","-0.84%","1,96,88,354",""
"451","Dabur India Limited","DABUR","413.7","-0.85%","28,59,076",""
"452","Jyoti CNC Automation Ltd","JYOTICNC","766.85","-0.87%","3,40,767",""
"453","Deepak Fertilizers And Petrochemicals Corporation Limited","DEEPAKFERT","983.55","-0.93%","3,65,139",""
"454","Gillette India Limited","GILLETTE","7,496.5","-0.94%","26,847",""
"455","Pfizer Limited","PFIZER","4,839.9","-0.97%","7,683",""
"456","Century Plyboards (india) Limited","CENTURYPLY","715.6","-0.97%","63,753",""
"457","Bharat Heavy Electricals Limited","BHEL","245.64","-1%","1,38,53,601",""
"458","Five-Star Business Finance Ltd","FIVESTAR","356.95","-1.01%","11,92,653",""
"459","Can Fin Homes Limited","CANFINHOME","814.2","-1.02%","1,44,783",""
"460","JSW Infrastructure Ltd","JSWINFRA","238.62","-1.09%","36,50,192",""
"461","Aarti Industries Limited","AARTIIND","404.2","-1.1%","11,23,512",""
"462","Hyundai Motor India Ltd","HYUNDAI","1,691.4","-1.17%","27,69,348",""
"463","Karur Vysya Bank Limited","KARURVYSYA","269.45","-1.17%","58,98,403",""
"464","3m India Limited","3MINDIA","29,385","-1.18%","6,077",""
"465","Ventive Hospitality Ltd","VENTIVE","567.45","-1.18%","91,002",""
"466","Amara Raja Energy & Mobility Ltd","ARE&M","719.35","-1.19%","7,13,548",""
"467","Sun Tv Network Limited","SUNTV","588.25","-1.19%","2,22,407",""
"468","Hitachi Energy India Ltd","POWERINDIA","25,015","-1.22%","1,30,996",""
"469","Chambal Fertilizers & Chemicals Limited","CHAMBLFERT","446.85","-1.23%","6,44,564",""
"470","Nlc India Limited","NLCINDIA","275","-1.29%","19,79,828",""
"471","Swiggy Ltd","SWIGGY","271.8","-1.29%","2,01,26,703",""
"472","Doms Industries Ltd","DOMS","2,324.9","-1.34%","54,928",""
"473","Mahindra & Mahindra Financial Services Limited","M&MFIN","281.25","-1.37%","62,71,999",""
"474","Max Healthcare Institute Ltd","MAXHEALTH","931.6","-1.38%","46,05,503",""
"475","Marico Limited","MARICO","750.55","-1.42%","24,50,748",""
"476","Abbott India Limited","ABBOTINDIA","25,895","-1.48%","8,267",""
"477","Sai Life Sciences Ltd","SAILIFE","944.65","-1.59%","5,10,586",""
"478","Birlasoft Ltd","BSOFT","364.75","-1.64%","8,46,671",""
"479","ZF Commercial Vehicle Control System India Ltd","ZFCVINDIA","13,744","-1.65%","21,548",""
"480","Oil India Limited","OIL","472.2","-1.66%","31,59,564",""
"481","Ratnamani Metals & Tubes Limited","RATNAMANI","2,217.2","-1.69%","18,696",""
"482","Anupam Rasayan India Ltd","ANURAS","1,243.6","-1.72%","1,25,737",""
"483","Ajanta Pharma Limited","AJANTPHARM","2,742.3","-1.75%","87,129",""
"484","Mangalore Refinery And Petrochemicals Limited","MRPL","178.94","-1.76%","58,27,483",""
"485","Bayer Cropscience Limited","BAYERCROP","4,673.7","-1.81%","9,033",""
"486","Inox India Ltd","INOXINDIA","1,219.8","-1.81%","1,06,983",""
"487","Cohance Lifesciences Ltd","COHANCE","301.7","-1.81%","20,13,390",""
"488","Oil & Natural Gas Corporation Limited","ONGC","281.85","-1.86%","2,44,49,779",""
"489","SKF India (Industrial) Ltd","SKFINDUS","2,233.2","-1.97%","10,830",""
"490","Astral Ltd","ASTRAL","1,522.8","-1.98%","10,78,191",""
"491","Kalpataru Projects International Ltd","KPIL","1,084.2","-1.98%","1,29,971",""
"492","AWL Agri Business Ltd","AWL","179.88","-2.08%","29,48,455",""
"493","Ipca Laboratories Limited","IPCALAB","1,456","-2.17%","2,34,598",""
"494","Linde India Limited","LINDEINDIA","7,133","-2.24%","54,886",""
"495","Endurance Technologies Limited","ENDURANCE","2,201.2","-2.25%","1,46,049",""
"496","Atul Limited","ATUL","6,149","-2.33%","17,885",""
"497","Central Mine Planning & Design Institute Ltd","CMPDI","152.3","-2.37%","6,84,788",""
"498","Star Health & Allied Insurance Company Ltd","STARHEALTH","458.55","-2.42%","5,57,504",""
"499","GE Vernova T&D India Ltd","GVT&D","3,723.1","-2.59%","6,39,297",""
"500","Tata Chemicals Limited","TATACHEM","634.25","-2.71%","11,05,418",""
"501","Jain Resource Recycling Ltd","JAINREC","450.35","-2.83%","17,35,648",""
"502","Carborundum Universal Limited","CARBORUNIV","827.75","-3.07%","4,73,344",""
"503","Reliance Industries Limited","RELIANCE","1,304.7","-3.39%","2,92,74,881",""
"504","Chennai Petroleum Corporation Limited","CHENNPETRO","980.85","-4.98%","30,43,704",""
"505","Irb Infrastructure Developers Limited","IRB","20.67","-5.18%","3,47,51,539",""